{
    "swg-starwars": [
        0.9457700650759219,
        0.38893844781445136,
        0.5512010113780025
    ],
    "mcu-marvel": [
        0.5098335854765507,
        0.20215956808638272,
        0.28951890034364264
    ],
    "memoryalpha-memorybeta": [
        0.9751764973810066,
        0.4572343833422317,
        0.6225646990404188
    ],
    "swtor-starwars": [
        0.927710843373494,
        0.48495451364590625,
        0.6369485294117646
    ],
    "stexpanded-memoryalpha": [
        0.9795918367346939,
        0.5126475548060708,
        0.6730627306273061
    ]
}