{
    "swtor-starwars": [
        0.8597938144329897,
        0.8754373687893632,
        0.8675450762829404
    ],
    "stexpanded-memoryalpha": [
        0.6322981366459627,
        0.8583473861720068,
        0.7281831187410587
    ],
    "mcu-marvel": [
        0.643756050338819,
        0.39892021595680865,
        0.4925925925925925
    ],
    "memoryalpha-memorybeta": [
        0.7770714362676435,
        0.7702659404037168,
        0.7736537223771722
    ],
    "swg-starwars": [
        0.7378964941569283,
        0.7885816235504014,
        0.7623975851660199
    ]
}