{
    "swtor-starwars": [
        0.594048884165781,
        0.3911826452064381,
        0.47172995780590715
    ],
    "stexpanded-memoryalpha": [
        0.1984948259642521,
        0.11860595840359753,
        0.1484869809992963
    ],
    "mcu-marvel": [
        0.12087912087912088,
        0.032993401319736056,
        0.051837888784165884
    ],
    "memoryalpha-memorybeta": [
        0.22455274521900062,
        0.1943613840239214,
        0.2083691109966226
    ],
    "swg-starwars": [
        0.39937106918238996,
        0.11329170383586083,
        0.17651146629603892
    ]
}