{
    "swg-starwars": [
        0.9282407407407407,
        0.7154326494201606,
        0.8080604534005037
    ],
    "mcu-marvel": [
        0.8115631691648822,
        0.6820635872825435,
        0.741199478487614
    ],
    "memoryalpha-memorybeta": [
        0.939851292864277,
        0.9045177827619353,
        0.9218460868618701
    ],
    "swtor-starwars": [
        0.9402767662053897,
        0.9034289713086074,
        0.9214846538187009
    ],
    "stexpanded-memoryalpha": [
        0.9611143354614046,
        0.9308600337268128,
        0.9457452884066249
    ]
}