{
    "swg-starwars": [
        0.8543263964950711,
        0.695807314897413,
        0.7669616519174041
    ],
    "mcu-marvel": [
        0.8505311077389985,
        0.6724655068986203,
        0.7510887772194305
    ],
    "memoryalpha-memorybeta": [
        0.9150964066608238,
        0.8921285912634839,
        0.9034665512952247
    ],
    "swtor-starwars": [
        0.9245689655172413,
        0.900629811056683,
        0.9124423963133641
    ],
    "stexpanded-memoryalpha": [
        0.8817839871037076,
        0.9224283305227656,
        0.9016483516483517
    ]
}