{"mcu-marvel": [0.40425531914893614, 0.39892021595680865, 0.40157004830917875], "memoryalpha-memorybeta": [0.7917959324370907, 0.7359820570330022, 0.7628694785785454], "stexpanded-memoryalpha": [0.8433802816901409, 0.8414839797639123, 0.8424310635903208], "swg-starwars": [0.7874531835205992, 0.7502230151650312, 0.7683873915029693], "swtor-starwars": [0.867043847241867, 0.8579426172148356, 0.862469222652128]}