{"mcu-marvel": [0.4157029823493609, 0.4097180563887223, 0.4126888217522659], "memoryalpha-memorybeta": [0.7931946200712725, 0.7369432874078821, 0.7640349905879747], "stexpanded-memoryalpha": [0.8433802816901409, 0.8414839797639123, 0.8424310635903208], "swg-starwars": [0.7952830188679245, 0.752007136485281, 0.7730398899587345], "swtor-starwars": [0.8682719546742209, 0.8579426172148356, 0.8630763815557901]}