{
    "swtor-starwars": [
        0.875968992248062,
        0.8698390482855144,
        0.8728932584269664
    ],
    "stexpanded-memoryalpha": [
        0.6617523167649537,
        0.883080382237212,
        0.7565615217914761
    ],
    "mcu-marvel": [
        0.6973094170403588,
        0.373125374925015,
        0.4861273935130911
    ],
    "memoryalpha-memorybeta": [
        0.9183445190156599,
        0.7891701377763537,
        0.8488712734792349
    ],
    "swg-starwars": [
        0.7582625118035883,
        0.7163247100802854,
        0.736697247706422
    ]
}