{
    "swtor-starwars": [
        0.6217142857142857,
        0.3806857942617215,
        0.47222222222222227
    ],
    "stexpanded-memoryalpha": [
        0.2063178677196446,
        0.11748173130972456,
        0.1497134670487106
    ],
    "mcu-marvel": [
        0.12427745664739884,
        0.02579484103179364,
        0.04272230501738698
    ],
    "memoryalpha-memorybeta": [
        0.2552943138235785,
        0.16348104644954617,
        0.19932300481708107
    ],
    "swg-starwars": [
        0.427536231884058,
        0.10526315789473684,
        0.16893342877594847
    ]
}