{
    "swtor-starwars": [
        0.9417701863354038,
        0.8488453463960812,
        0.8928965771071035
    ],
    "stexpanded-memoryalpha": [
        0.9168218497827436,
        0.8302417088251827,
        0.871386430678466
    ],
    "mcu-marvel": [
        0.6937573616018846,
        0.35332933413317336,
        0.4682034976152623
    ],
    "memoryalpha-memorybeta": [
        0.9425552093212302,
        0.7430310797821211,
        0.8309842331581463
    ],
    "swg-starwars": [
        0.9213483146067416,
        0.7314897413024085,
        0.8155146693187468
    ]
}