{
    "swtor-starwars": [
        0.6749672346002621,
        0.36039188243526943,
        0.46989051094890505
    ],
    "stexpanded-memoryalpha": [
        0.3173076923076923,
        0.11129848229342328,
        0.16479400749063672
    ],
    "mcu-marvel": [
        0.18032786885245902,
        0.026394721055788842,
        0.046049188906331764
    ],
    "memoryalpha-memorybeta": [
        0.3674059787849566,
        0.1627335824879872,
        0.22556057130170948
    ],
    "swg-starwars": [
        0.5022026431718062,
        0.1016949152542373,
        0.1691394658753709
    ]
}