{
    "swg-starwars": [
        0.9105527638190954,
        0.808206958073149,
        0.8563327032136105
    ],
    "mcu-marvel": [
        0.8804265041888805,
        0.6934613077384523,
        0.7758389261744966
    ],
    "memoryalpha-memorybeta": [
        0.9432405675943241,
        0.9158389405105202,
        0.929337812940284
    ],
    "swtor-starwars": [
        0.9343326195574589,
        0.9160251924422673,
        0.9250883392226148
    ],
    "stexpanded-memoryalpha": [
        0.9495412844036697,
        0.9308600337268128,
        0.9401078626170878
    ]
}