{
    "swg-starwars": [
        0.9101479915433404,
        0.768064228367529,
        0.8330914368650217
    ],
    "mcu-marvel": [
        0.8818897637795275,
        0.671865626874625,
        0.7626830098740212
    ],
    "memoryalpha-memorybeta": [
        0.9441669441669441,
        0.9084695076364413,
        0.9259743087306771
    ],
    "swtor-starwars": [
        0.9334763948497854,
        0.9132260321903429,
        0.9232401839405732
    ],
    "stexpanded-memoryalpha": [
        0.9457900807381776,
        0.9218662169758292,
        0.9336749217193282
    ]
}