{
    "stexpanded-memoryalpha": [
        0.9719512195121951,
        0.896008993816751,
        0.9324363849078678
    ],
    "mcu-marvel": [
        0.6245306633291614,
        0.29934013197360526,
        0.40470397404703967
    ],
    "memoryalpha-memorybeta": [
        0.9614687764222732,
        0.8501548648937306,
        0.9023920190454596
    ],
    "swg-starwars": [
        0.9377049180327869,
        0.7653880463871543,
        0.8428290766208252
    ],
    "swtor-starwars": [
        0.9503759398496241,
        0.8845346396081175,
        0.9162740123233055
    ]
}