{
    "swtor-starwars": [
        0.8513974096796183,
        0.874037788663401,
        0.8625690607734806
    ],
    "stexpanded-memoryalpha": [
        0.7572727272727273,
        0.9364811691961776,
        0.8373963307363659
    ],
    "mcu-marvel": [
        0.47471054235222426,
        0.4673065386922616,
        0.47097944377267226
    ],
    "memoryalpha-memorybeta": [
        0.7363375739114854,
        0.8777231952157197,
        0.8008379616096658
    ],
    "swg-starwars": [
        0.8135135135135135,
        0.8055307760927743,
        0.8095024652622141
    ]
}