{
    "swg-starwars": [
        0.8628944504896626,
        0.7074041034790366,
        0.7774509803921569
    ],
    "mcu-marvel": [
        0.8509505703422053,
        0.6712657468506299,
        0.7505030181086519
    ],
    "memoryalpha-memorybeta": [
        0.9249309010503041,
        0.8935170351383104,
        0.9089526292916124
    ],
    "swtor-starwars": [
        0.9265129682997119,
        0.8999300209937019,
        0.9130280440184593
    ],
    "stexpanded-memoryalpha": [
        0.9001097694840834,
        0.9218662169758292,
        0.9108580949736185
    ]
}