{
    "swg-starwars": [
        0.9190871369294605,
        0.7903657448706513,
        0.8498800959232613
    ],
    "mcu-marvel": [
        0.88,
        0.6730653869226155,
        0.7627464309993203
    ],
    "memoryalpha-memorybeta": [
        0.9421041023378914,
        0.9124212325109473,
        0.9270251207205252
    ],
    "swtor-starwars": [
        0.9341917024320457,
        0.913925822253324,
        0.9239476476830563
    ],
    "stexpanded-memoryalpha": [
        0.9495702005730658,
        0.9314221472737493,
        0.9404086265607264
    ]
}