{
    "swg-starwars": [
        0.9071100917431193,
        0.7056199821587869,
        0.7937782237832415
    ],
    "mcu-marvel": [
        0.8385714285714285,
        0.704259148170366,
        0.7655689598956635
    ],
    "memoryalpha-memorybeta": [
        0.9256550218340611,
        0.9053924185798184,
        0.9154116059379218
    ],
    "swtor-starwars": [
        0.9349240780911063,
        0.9048285514345696,
        0.9196301564722618
    ],
    "stexpanded-memoryalpha": [
        0.9429549343981746,
        0.9291736930860034,
        0.9360135900339751
    ]
}