{
    "swtor-starwars": [
        0.9414414414414415,
        0.8775367389783065,
        0.9083665338645419
    ],
    "stexpanded-memoryalpha": [
        0.930622009569378,
        0.8746486790331647,
        0.9017676035931614
    ],
    "mcu-marvel": [
        0.6810344827586207,
        0.42651469706058787,
        0.5245296938399114
    ],
    "memoryalpha-memorybeta": [
        0.9565873914684787,
        0.8119192566485101,
        0.8783362218370883
    ],
    "swg-starwars": [
        0.9096705632306057,
        0.7636039250669046,
        0.8302618816682833
    ]
}