{
    "swtor-starwars": [
        0.702075702075702,
        0.40237928621413577,
        0.5115658362989324
    ],
    "stexpanded-memoryalpha": [
        0.325,
        0.12422709387296234,
        0.17974786498576656
    ],
    "mcu-marvel": [
        0.1782178217821782,
        0.03239352129574085,
        0.054822335025380704
    ],
    "memoryalpha-memorybeta": [
        0.42889037731636526,
        0.20512546716497598,
        0.277520947702976
    ],
    "swg-starwars": [
        0.475,
        0.11864406779661017,
        0.18986438258386867
    ]
}