{
    "swg-starwars": [
        0.9308617234468938,
        0.8287243532560215,
        0.8768286927796131
    ],
    "mcu-marvel": [
        0.8504359490274983,
        0.7606478704259149,
        0.8030398986700443
    ],
    "memoryalpha-memorybeta": [
        0.9430096981584396,
        0.9242764071344655,
        0.9335490830636463
    ],
    "swtor-starwars": [
        0.9403832505322924,
        0.927221833449965,
        0.9337561663143059
    ],
    "stexpanded-memoryalpha": [
        0.9587864911276474,
        0.941540191118606,
        0.9500850822461713
    ]
}