{
    "swg-starwars": [
        0.7645502645502645,
        0.25780553077609275,
        0.38559039359573044
    ],
    "mcu-marvel": [
        0.36533957845433257,
        0.1871625674865027,
        0.24752082506941692
    ],
    "memoryalpha-memorybeta": [
        0.882755127880476,
        0.37223705285638015,
        0.5236593059936908
    ],
    "swtor-starwars": [
        0.8253477588871716,
        0.3736878936319104,
        0.5144508670520231
    ],
    "stexpanded-memoryalpha": [
        0.8736717827626919,
        0.41596402473299604,
        0.5635948210205635
    ]
}