{
    "swg-starwars": [
        0.9147465437788018,
        0.7082961641391614,
        0.7983911513323279
    ],
    "mcu-marvel": [
        0.8595548733691482,
        0.671865626874625,
        0.7542087542087541
    ],
    "memoryalpha-memorybeta": [
        0.9417584888689003,
        0.8945850688881769,
        0.9175658651476146
    ],
    "swtor-starwars": [
        0.9412628487518355,
        0.8971308607417775,
        0.9186671443926907
    ],
    "stexpanded-memoryalpha": [
        0.959254947613504,
        0.9263631253513209,
        0.9425221618530168
    ]
}