{
    "swtor-starwars": [
        0.6393534002229655,
        0.8026592022393282,
        0.7117592305305616
    ],
    "stexpanded-memoryalpha": [
        0.25584151710125297,
        0.849353569421023,
        0.39323357189329866
    ],
    "mcu-marvel": [
        0.1431064572425829,
        0.4427114577084583,
        0.216295427901524
    ],
    "memoryalpha-memorybeta": [
        0.28149316886004233,
        0.8384064936451991,
        0.42147651006711406
    ],
    "swg-starwars": [
        0.429911412193851,
        0.735950044603033,
        0.542763157894737
    ]
}