{
    "swg-starwars": [
        0.9088863892013498,
        0.72078501338091,
        0.8039800995024877
    ],
    "mcu-marvel": [
        0.7968860580325549,
        0.6754649070185963,
        0.7311688311688314
    ],
    "memoryalpha-memorybeta": [
        0.9187739463601533,
        0.8964007262629499,
        0.9074494539950265
    ],
    "swtor-starwars": [
        0.9389090909090909,
        0.9034289713086074,
        0.920827389443652
    ],
    "stexpanded-memoryalpha": [
        0.9380630630630631,
        0.9364811691961776,
        0.9372714486638537
    ]
}