{
    "swtor-starwars": [
        0.7818317200297841,
        0.7347795661301609,
        0.7575757575757576
    ],
    "stexpanded-memoryalpha": [
        0.7803030303030303,
        0.7526700393479483,
        0.7662374821173106
    ],
    "mcu-marvel": [
        0.3917808219178082,
        0.34313137372525493,
        0.3658458586504637
    ],
    "memoryalpha-memorybeta": [
        0.7773157773157773,
        0.7187099530115335,
        0.7468649428476307
    ],
    "swg-starwars": [
        0.6816283924843424,
        0.5825156110615521,
        0.6281866281866281
    ]
}