{
    "swtor-starwars": [
        0.6911680911680912,
        0.8488453463960812,
        0.7619346733668341
    ],
    "stexpanded-memoryalpha": [
        0.2552851305738142,
        0.8077571669477235,
        0.3879589632829374
    ],
    "mcu-marvel": [
        0.2212566844919786,
        0.397120575884823,
        0.2841811547542391
    ],
    "memoryalpha-memorybeta": [
        0.2881838680327545,
        0.7780625867777422,
        0.42058772588187754
    ],
    "swg-starwars": [
        0.5022857142857143,
        0.784121320249777,
        0.6123301985370951
    ]
}