{
    "swg-starwars": [
        0.8658536585365854,
        0.6966993755575379,
        0.7721206129510627
    ],
    "mcu-marvel": [
        0.8551724137931035,
        0.6694661067786443,
        0.7510094212651414
    ],
    "memoryalpha-memorybeta": [
        0.9225842076200994,
        0.8922353946384706,
        0.9071560430014116
    ],
    "swtor-starwars": [
        0.9265658747300216,
        0.900629811056683,
        0.9134137686302343
    ],
    "stexpanded-memoryalpha": [
        0.9027472527472528,
        0.9235525576166386,
        0.9130313976104474
    ]
}