{"mcu-marvel": [0.32563791008505466, 0.3215356928614277, 0.32357380018110476], "memoryalpha-memorybeta": [0.8067974452554745, 0.7555270746555591, 0.7803209971871381], "stexpanded-memoryalpha": [0.7795941375422774, 0.7774030354131535, 0.7784970447509147], "swg-starwars": [0.7968605724838412, 0.7698483496877788, 0.7831215970961888], "swtor-starwars": [0.888328530259366, 0.8628411476557033, 0.8753993610223642]}