{"mcu-marvel": [0.3740404745289602, 0.3215356928614277, 0.3458064516129032], "memoryalpha-memorybeta": [0.8070735881346264, 0.7555270746555591, 0.78045013239188], "stexpanded-memoryalpha": [0.7800338409475466, 0.7774030354131535, 0.7787162162162162], "swg-starwars": [0.7975970425138632, 0.7698483496877788, 0.7834770767135724], "swtor-starwars": [0.888328530259366, 0.8628411476557033, 0.8753993610223642]}