{
    "swg-starwars": [
        0.9299655568312285,
        0.7225691347011597,
        0.8132530120481928
    ],
    "mcu-marvel": [
        0.7894736842105263,
        0.6928614277144571,
        0.7380191693290734
    ],
    "memoryalpha-memorybeta": [
        0.9380629378405426,
        0.9009932713873758,
        0.9191544998910439
    ],
    "swtor-starwars": [
        0.9416909620991254,
        0.9041287613715885,
        0.9225276686897537
    ],
    "stexpanded-memoryalpha": [
        0.9566223250433776,
        0.9297358066329399,
        0.942987457240593
    ]
}