{"mcu-marvel": [0.39532019704433496, 0.385122975404919, 0.390154968094804], "memoryalpha-memorybeta": [0.7237720553171197, 0.6484032895439495, 0.6840178018139823], "stexpanded-memoryalpha": [0.6950947603121517, 0.700955593029792, 0.6980128743352925], "swg-starwars": [0.7981220657276995, 0.7582515611061552, 0.7776761207685269], "swtor-starwars": [0.8256150506512301, 0.7984604618614416, 0.8118107435076485]}