{"mcu-marvel": [0.406905055487053, 0.39592081583683264, 0.40133779264214053], "memoryalpha-memorybeta": [0.724779394228476, 0.6491509131688561, 0.6848836554172065], "stexpanded-memoryalpha": [0.6954824316787507, 0.700955593029792, 0.6982082866741322], "swg-starwars": [0.8034026465028355, 0.7582515611061552, 0.7801743919229004], "swtor-starwars": [0.8281363306744017, 0.7991602519244226, 0.8133903133903133]}