{
    "swtor-starwars": [
        0.9438444924406048,
        0.9174247725682295,
        0.9304471256210077
    ],
    "stexpanded-memoryalpha": [
        0.9623406720741599,
        0.9336706014614953,
        0.9477888730385164
    ],
    "mcu-marvel": [
        0.6889264581572274,
        0.48890221955608876,
        0.5719298245614034
    ],
    "memoryalpha-memorybeta": [
        0.962452196082976,
        0.8870020292641247,
        0.9231880835927079
    ],
    "swg-starwars": [
        0.9549180327868853,
        0.8314005352363961,
        0.888888888888889
    ]
}