{
    "swtor-starwars": [
        0.9438040345821326,
        0.9167249825052485,
        0.9300674476393328
    ],
    "stexpanded-memoryalpha": [
        0.9629200463499421,
        0.9342327150084317,
        0.9483594864479316
    ],
    "mcu-marvel": [
        0.6869037294015612,
        0.4751049790041992,
        0.5617021276595744
    ],
    "memoryalpha-memorybeta": [
        0.9629801555065568,
        0.8862544056392182,
        0.9230255839822024
    ],
    "swg-starwars": [
        0.9549180327868853,
        0.8314005352363961,
        0.888888888888889
    ]
}