{
    "swg-starwars": [
        0.9170506912442397,
        0.35504014272970563,
        0.5118971061093247
    ],
    "mcu-marvel": [
        0.502803738317757,
        0.16136772645470907,
        0.24432334241598547
    ],
    "memoryalpha-memorybeta": [
        0.9296973518284993,
        0.3149631528356296,
        0.4705225368966893
    ],
    "swtor-starwars": [
        0.9449378330373002,
        0.3722883135059482,
        0.5341365461847389
    ],
    "stexpanded-memoryalpha": [
        0.9238249594813615,
        0.32040472175379425,
        0.47579298831385647
    ]
}