{
    "swtor-starwars": [
        0.813633067440174,
        0.7851644506648006,
        0.7991452991452991
    ],
    "stexpanded-memoryalpha": [
        0.8037225042301185,
        0.8010118043844857,
        0.8023648648648649
    ],
    "mcu-marvel": [
        0.4174135723431498,
        0.39112177564487105,
        0.40384019820377826
    ],
    "memoryalpha-memorybeta": [
        0.8048999775230389,
        0.7648440837249039,
        0.7843609681305442
    ],
    "swg-starwars": [
        0.7458777885548011,
        0.6859946476360392,
        0.7146840148698885
    ]
}