{
    "swg-starwars": [
        0.9228971962616822,
        0.7047279214986619,
        0.7991906929691451
    ],
    "mcu-marvel": [
        0.864406779661017,
        0.7036592681463707,
        0.7757936507936507
    ],
    "memoryalpha-memorybeta": [
        0.9439158177543938,
        0.9003737319807795,
        0.9216307793201444
    ],
    "swtor-starwars": [
        0.9394160583941605,
        0.900629811056683,
        0.9196141479099678
    ],
    "stexpanded-memoryalpha": [
        0.9624192601291838,
        0.9213041034288927,
        0.9414129810453763
    ]
}