{
    "swtor-starwars": [
        0.9075568598679383,
        0.8656403079076277,
        0.8861031518624641
    ],
    "stexpanded-memoryalpha": [
        0.9521586931155193,
        0.9173693086003373,
        0.9344403091898081
    ],
    "mcu-marvel": [
        0.5288732394366197,
        0.4505098980203959,
        0.4865565273728538
    ],
    "memoryalpha-memorybeta": [
        0.9545987799155327,
        0.868966253737719,
        0.9097719141323793
    ],
    "swg-starwars": [
        0.9344432882414152,
        0.8010704727921498,
        0.8626320845341017
    ]
}