{
    "swtor-starwars": [
        0.947178002894356,
        0.9160251924422673,
        0.9313411597296337
    ],
    "stexpanded-memoryalpha": [
        0.9690781796966161,
        0.9336706014614953,
        0.9510449470369311
    ],
    "mcu-marvel": [
        0.7106194690265487,
        0.48170365926814634,
        0.5741866285305683
    ],
    "memoryalpha-memorybeta": [
        0.964043101428906,
        0.8790985795151127,
        0.9196134294173511
    ],
    "swg-starwars": [
        0.9489795918367347,
        0.8296164139161463,
        0.8852927177534508
    ]
}