{
    "swtor-starwars": [
        0.9465317919075145,
        0.9167249825052485,
        0.931389975115535
    ],
    "stexpanded-memoryalpha": [
        0.9690781796966161,
        0.9336706014614953,
        0.9510449470369311
    ],
    "mcu-marvel": [
        0.710232158211522,
        0.495500899820036,
        0.5837455830388693
    ],
    "memoryalpha-memorybeta": [
        0.9631622032510817,
        0.8796325963900459,
        0.9195042983141676
    ],
    "swg-starwars": [
        0.9489795918367347,
        0.8296164139161463,
        0.8852927177534508
    ]
}