{
    "swtor-starwars": [
        0.5635504201680672,
        0.7508747375787264,
        0.6438643864386439
    ],
    "stexpanded-memoryalpha": [
        0.21553922303884807,
        0.8077571669477235,
        0.3402794222116979
    ],
    "mcu-marvel": [
        0.13959059233449478,
        0.38452309538092383,
        0.20482505192522765
    ],
    "memoryalpha-memorybeta": [
        0.2548334018922254,
        0.793976289650753,
        0.38583106267029976
    ],
    "swg-starwars": [
        0.3557692307692308,
        0.6271186440677966,
        0.45398773006134974
    ]
}