{
    "swg-starwars": [
        0.9247967479674797,
        0.8117752007136485,
        0.8646080760095012
    ],
    "mcu-marvel": [
        0.8717948717948718,
        0.6730653869226155,
        0.7596479350033852
    ],
    "memoryalpha-memorybeta": [
        0.933475935828877,
        0.9321798568834775,
        0.9328274461604232
    ],
    "swtor-starwars": [
        0.9418851878100638,
        0.9300209937018894,
        0.9359154929577466
    ],
    "stexpanded-memoryalpha": [
        0.9551066217732884,
        0.9567172568858909,
        0.9559112608817748
    ]
}