{
    "swg-starwars": [
        0.9282407407407407,
        0.7154326494201606,
        0.8080604534005037
    ],
    "mcu-marvel": [
        0.7919233401779603,
        0.6940611877624475,
        0.739769820971867
    ],
    "memoryalpha-memorybeta": [
        0.9407225142601499,
        0.8983231870127096,
        0.919034090909091
    ],
    "swtor-starwars": [
        0.9411764705882353,
        0.906927921623513,
        0.9237348538845332
    ],
    "stexpanded-memoryalpha": [
        0.9637426900584796,
        0.9263631253513209,
        0.9446832903410719
    ]
}