{
    "swg-starwars": [
        0.9254473161033797,
        0.8305084745762712,
        0.8754113775270335
    ],
    "mcu-marvel": [
        0.8328964613368283,
        0.7624475104979004,
        0.7961165048543689
    ],
    "memoryalpha-memorybeta": [
        0.9314834578441835,
        0.9321798568834775,
        0.9318315272513745
    ],
    "swtor-starwars": [
        0.9352568613652358,
        0.9300209937018894,
        0.9326315789473684
    ],
    "stexpanded-memoryalpha": [
        0.9473389355742297,
        0.9505340078695896,
        0.9489337822671156
    ]
}