{
    "swg-starwars": [
        0.9,
        0.8108831400535237,
        0.8531206006569686
    ],
    "mcu-marvel": [
        0.8732075471698113,
        0.6940611877624475,
        0.7733957219251336
    ],
    "memoryalpha-memorybeta": [
        0.9350635248126833,
        0.9196838620100395,
        0.9273099289252638
    ],
    "swtor-starwars": [
        0.9267089499647639,
        0.9202239328201539,
        0.9234550561797753
    ],
    "stexpanded-memoryalpha": [
        0.919736118746564,
        0.940415964024733,
        0.9299610894941633
    ]
}