{
    "swg-starwars": [
        0.8627630375114365,
        0.8412132024977699,
        0.851851851851852
    ],
    "mcu-marvel": [
        0.7606060606060606,
        0.7528494301139772,
        0.756707868555924
    ],
    "memoryalpha-memorybeta": [
        0.92523768366465,
        0.914664103385667,
        0.9199205113056554
    ],
    "swtor-starwars": [
        0.9264705882352942,
        0.9258222533240028,
        0.9261463073153658
    ],
    "stexpanded-memoryalpha": [
        0.9402143260011281,
        0.9370432827431141,
        0.9386261261261261
    ]
}