{
    "swtor-starwars": [
        0.9386503067484663,
        0.8565430370888734,
        0.8957189901207464
    ],
    "stexpanded-memoryalpha": [
        0.9295689131754705,
        0.8605958403597527,
        0.8937536485697607
    ],
    "mcu-marvel": [
        0.7149425287356321,
        0.373125374925015,
        0.4903429247142294
    ],
    "memoryalpha-memorybeta": [
        0.9639107611548556,
        0.7844707892769411,
        0.864982629688512
    ],
    "swg-starwars": [
        0.9115958668197475,
        0.7082961641391614,
        0.7971887550200804
    ]
}