{
    "swtor-starwars": [
        0.7099737532808399,
        0.37858642407277815,
        0.49383842994066635
    ],
    "stexpanded-memoryalpha": [
        0.3238993710691824,
        0.11579539066891512,
        0.17060041407867493
    ],
    "mcu-marvel": [
        0.18376068376068377,
        0.02579484103179364,
        0.04523934771173067
    ],
    "memoryalpha-memorybeta": [
        0.39895150720838796,
        0.16252002135611318,
        0.23095599393019728
    ],
    "swg-starwars": [
        0.5021459227467812,
        0.10437109723461195,
        0.17282127031019204
    ]
}