{
    "swg-starwars": [
        0.9057899901864573,
        0.8233719892952721,
        0.8626168224299066
    ],
    "mcu-marvel": [
        0.8716981132075472,
        0.6928614277144571,
        0.7720588235294118
    ],
    "memoryalpha-memorybeta": [
        0.9247242745475961,
        0.9223539463847058,
        0.9235375895626137
    ],
    "swtor-starwars": [
        0.9274647887323944,
        0.9216235129461162,
        0.9245349245349245
    ],
    "stexpanded-memoryalpha": [
        0.913090711569799,
        0.9449128724002248,
        0.9287292817679558
    ]
}