{
    "swg-starwars": [
        0.9098360655737705,
        0.792149866190901,
        0.8469241773962805
    ],
    "mcu-marvel": [
        0.8772478498827209,
        0.6730653869226155,
        0.7617107942973524
    ],
    "memoryalpha-memorybeta": [
        0.9288186932064042,
        0.9170137776353733,
        0.9228784865910679
    ],
    "swtor-starwars": [
        0.9284702549575071,
        0.9174247725682295,
        0.9229144667370645
    ],
    "stexpanded-memoryalpha": [
        0.915938864628821,
        0.9432265317594154,
        0.9293824425366934
    ]
}