{
    "swg-starwars": [
        0.9266409266409267,
        0.856378233719893,
        0.8901251738525731
    ],
    "mcu-marvel": [
        0.8472491909385114,
        0.785242951409718,
        0.815068493150685
    ],
    "memoryalpha-memorybeta": [
        0.9420949902407287,
        0.9278086287911149,
        0.9348972344775638
    ],
    "swtor-starwars": [
        0.9398443029016278,
        0.9293212036389084,
        0.9345531315974667
    ],
    "stexpanded-memoryalpha": [
        0.9577142857142857,
        0.9421023046655425,
        0.9498441484839898
    ]
}