{
    "swtor-starwars": [
        0.8798283261802575,
        0.86074177746676,
        0.8701804032543331
    ],
    "stexpanded-memoryalpha": [
        0.6725899600177698,
        0.8510399100618324,
        0.75136476426799
    ],
    "mcu-marvel": [
        0.6785714285714286,
        0.35332933413317336,
        0.46469428007889546
    ],
    "memoryalpha-memorybeta": [
        0.8297998341821627,
        0.748264445156467,
        0.7869257553633607
    ],
    "swg-starwars": [
        0.765466297322253,
        0.7395182872435325,
        0.7522686025408349
    ]
}