{
    "swtor-starwars": [
        0.5949656750572082,
        0.363890832750175,
        0.4515848892748589
    ],
    "stexpanded-memoryalpha": [
        0.20794148380355276,
        0.11186059584035975,
        0.14546783625730994
    ],
    "mcu-marvel": [
        0.1301775147928994,
        0.026394721055788842,
        0.04389027431421447
    ],
    "memoryalpha-memorybeta": [
        0.22752184861502,
        0.1640149492792312,
        0.19061801935964257
    ],
    "swg-starwars": [
        0.4307116104868914,
        0.10258697591436218,
        0.16570605187319884
    ]
}