{
    "stexpanded-memoryalpha": [
        0.9073969508752118,
        0.9033164699269253,
        0.9053521126760564
    ],
    "mcu-marvel": [
        0.6024096385542169,
        0.29994001199760045,
        0.4004805766920304
    ],
    "memoryalpha-memorybeta": [
        0.8480919249420198,
        0.8592331517675958,
        0.8536261870656269
    ],
    "swg-starwars": [
        0.8743667679837892,
        0.7698483496877788,
        0.818785578747628
    ]
}