{
    "swg-starwars": [
        0.8612873980054397,
        0.847457627118644,
        0.85431654676259
    ],
    "mcu-marvel": [
        0.7396923076923076,
        0.7210557888422315,
        0.7302551640340218
    ],
    "memoryalpha-memorybeta": [
        0.9299020135673522,
        0.9223539463847058,
        0.926112600536193
    ],
    "swtor-starwars": [
        0.9360955056179775,
        0.9328201539538139,
        0.9344549596915528
    ],
    "stexpanded-memoryalpha": [
        0.9469825155104343,
        0.9437886453063519,
        0.945382882882883
    ]
}