{
    "swg-starwars": [
        0.8918918918918919,
        0.7065120428189117,
        0.7884519661523146
    ],
    "mcu-marvel": [
        0.8762725137039937,
        0.6712657468506299,
        0.7601902173913044
    ],
    "memoryalpha-memorybeta": [
        0.9378930817610063,
        0.8919149845135106,
        0.9143263809054579
    ],
    "swtor-starwars": [
        0.9357664233576642,
        0.8971308607417775,
        0.916041443372633
    ],
    "stexpanded-memoryalpha": [
        0.955503512880562,
        0.9173693086003373,
        0.936048178950387
    ]
}