{
    "swg-starwars": [
        0.9248826291079812,
        0.3514719000892061,
        0.5093729799612152
    ],
    "mcu-marvel": [
        0.5062166962699822,
        0.17096580683863227,
        0.2556053811659193
    ],
    "memoryalpha-memorybeta": [
        0.9597372929754426,
        0.3589661433301292,
        0.5225029148853478
    ],
    "swtor-starwars": [
        0.9378980891719745,
        0.41217634709587125,
        0.5726786582401556
    ],
    "stexpanded-memoryalpha": [
        0.9743243243243244,
        0.4052838673412029,
        0.572449384676459
    ]
}