{
    "swg-starwars": [
        0.9226190476190477,
        0.8296164139161463,
        0.8736496007515265
    ],
    "mcu-marvel": [
        0.8644325971058644,
        0.6808638272345531,
        0.761744966442953
    ],
    "memoryalpha-memorybeta": [
        0.9315739065659253,
        0.9349567446331304,
        0.9332622601279319
    ],
    "swtor-starwars": [
        0.9394792399718508,
        0.9342197340797761,
        0.9368421052631578
    ],
    "stexpanded-memoryalpha": [
        0.9536053661263275,
        0.9589657110736369,
        0.9562780269058296
    ]
}