{
    "swg-starwars": [
        0.9176470588235294,
        0.695807314897413,
        0.791476407914764
    ],
    "mcu-marvel": [
        0.8523391812865497,
        0.6994601079784043,
        0.7683690280065898
    ],
    "memoryalpha-memorybeta": [
        0.9437219730941704,
        0.8988788040576615,
        0.9207547169811321
    ],
    "swtor-starwars": [
        0.9393718042366691,
        0.8999300209937019,
        0.919228020014296
    ],
    "stexpanded-memoryalpha": [
        0.9618320610687023,
        0.9207419898819561,
        0.9408385985066055
    ]
}