{
    "swg-starwars": [
        0.9243986254295533,
        0.719892952720785,
        0.8094282848545638
    ],
    "mcu-marvel": [
        0.8529188779378317,
        0.674865026994601,
        0.753516409912927
    ],
    "memoryalpha-memorybeta": [
        0.9419898819561552,
        0.8949054790131368,
        0.917844232665133
    ],
    "swtor-starwars": [
        0.9413059427732942,
        0.8978306508047585,
        0.9190544412607449
    ],
    "stexpanded-memoryalpha": [
        0.9609784507862551,
        0.927487352445194,
        0.9439359267734555
    ]
}