{
    "swg-starwars": [
        0.7673469387755102,
        0.33541480820695807,
        0.46679081315952825
    ],
    "mcu-marvel": [
        0.7992351816443595,
        0.250749850029994,
        0.38173515981735157
    ],
    "memoryalpha-memorybeta": [
        0.87380550871276,
        0.33205169283349356,
        0.48123210277842277
    ],
    "swtor-starwars": [
        0.8823529411764706,
        0.3988803358992302,
        0.5493975903614456
    ],
    "stexpanded-memoryalpha": [
        0.7620817843866171,
        0.3456998313659359,
        0.4756380510440835
    ]
}