{
    "swg-starwars": [
        0.9145129224652088,
        0.8206958073148974,
        0.8650681711330512
    ],
    "mcu-marvel": [
        0.8795731707317073,
        0.6922615476904619,
        0.7747566297415239
    ],
    "memoryalpha-memorybeta": [
        0.9403393541324576,
        0.9174409911353198,
        0.9287490539517785
    ],
    "swtor-starwars": [
        0.9337606837606838,
        0.9174247725682295,
        0.925520649488175
    ],
    "stexpanded-memoryalpha": [
        0.9491428571428572,
        0.9336706014614953,
        0.9413431567016153
    ]
}