{
    "swtor-starwars": [
        0.8870094722598105,
        0.9174247725682295,
        0.9019607843137254
    ],
    "stexpanded-memoryalpha": [
        0.8574307304785894,
        0.9567172568858909,
        0.9043570669500531
    ],
    "mcu-marvel": [
        0.5427385892116182,
        0.39232153569286143,
        0.45543175487465176
    ],
    "memoryalpha-memorybeta": [
        0.8949627056299172,
        0.9354907615080637,
        0.9147780678851175
    ],
    "swg-starwars": [
        0.8774555659494855,
        0.8367528991971455,
        0.85662100456621
    ]
}