{
    "swtor-starwars": [
        0.8882113821138211,
        0.9174247725682295,
        0.9025817555938039
    ],
    "stexpanded-memoryalpha": [
        0.8582955118507312,
        0.9567172568858909,
        0.9048378522062732
    ],
    "mcu-marvel": [
        0.5451476793248945,
        0.38752249550089984,
        0.453015427769986
    ],
    "memoryalpha-memorybeta": [
        0.8958034800409417,
        0.9347431378831571,
        0.9148591438875242
    ],
    "swg-starwars": [
        0.8774555659494855,
        0.8367528991971455,
        0.85662100456621
    ]
}