{
    "swg-starwars": [
        0.930327868852459,
        0.8099910793933988,
        0.8659990462565571
    ],
    "mcu-marvel": [
        0.8765625,
        0.6730653869226155,
        0.7614523243976926
    ],
    "memoryalpha-memorybeta": [
        0.9434455704478588,
        0.924703620634412,
        0.933980582524272
    ],
    "swtor-starwars": [
        0.9423487544483986,
        0.9265220433869839,
        0.9343683839096684
    ],
    "stexpanded-memoryalpha": [
        0.9604357798165137,
        0.941540191118606,
        0.9508941243258586
    ]
}