{
    "swtor-starwars": [
        0.9392624728850325,
        0.9090272918124562,
        0.9238975817923186
    ],
    "stexpanded-memoryalpha": [
        0.9624277456647399,
        0.9359190556492412,
        0.9489883157594756
    ],
    "mcu-marvel": [
        0.5666957279860506,
        0.3899220155968806,
        0.46197583511016344
    ],
    "memoryalpha-memorybeta": [
        0.9699618919524771,
        0.9242764071344655,
        0.9465682253213017
    ],
    "swg-starwars": [
        0.948118006103764,
        0.8314005352363961,
        0.8859315589353612
    ]
}