{
    "swtor-starwars": [
        0.9392624728850325,
        0.9090272918124562,
        0.9238975817923186
    ],
    "stexpanded-memoryalpha": [
        0.9624277456647399,
        0.9359190556492412,
        0.9489883157594756
    ],
    "mcu-marvel": [
        0.5676392572944297,
        0.385122975404919,
        0.4588992137240886
    ],
    "memoryalpha-memorybeta": [
        0.9701559519802536,
        0.9235287835095589,
        0.9462683300503393
    ],
    "swg-starwars": [
        0.948118006103764,
        0.8314005352363961,
        0.8859315589353612
    ]
}