{
    "swg-starwars": [
        0.927,
        0.8269402319357716,
        0.8741159830268742
    ],
    "mcu-marvel": [
        0.8736517719568567,
        0.6802639472105579,
        0.7649241146711636
    ],
    "memoryalpha-memorybeta": [
        0.9427857995874498,
        0.9274805083840649,
        0.9350705286960267
    ],
    "swtor-starwars": [
        0.9398868458274399,
        0.9300209937018894,
        0.9349278930707
    ],
    "stexpanded-memoryalpha": [
        0.958904109589041,
        0.9443507588532883,
        0.951571792693288
    ]
}