{
    "stexpanded-memoryalpha": [
        0.9668874172185431,
        0.9027543563799888,
        0.9337209302325581
    ],
    "mcu-marvel": [
        0.6116910229645094,
        0.3515296940611878,
        0.44647619047619047
    ],
    "memoryalpha-memorybeta": [
        0.9559068219633944,
        0.8590195450176226,
        0.9048770883726164
    ],
    "swg-starwars": [
        0.9330543933054394,
        0.7957181088314005,
        0.8589311506981222
    ],
    "swtor-starwars": [
        0.9442815249266863,
        0.9013296011196641,
        0.9223057644110276
    ]
}