{
    "swg-starwars": [
        0.8631772268135904,
        0.8385370205173952,
        0.8506787330316742
    ],
    "mcu-marvel": [
        0.7647058823529411,
        0.7564487102579485,
        0.7605548854041014
    ],
    "memoryalpha-memorybeta": [
        0.9266213445559512,
        0.91712058101036,
        0.9218464841653248
    ],
    "swtor-starwars": [
        0.9265220433869839,
        0.9265220433869839,
        0.9265220433869839
    ],
    "stexpanded-memoryalpha": [
        0.9426966292134832,
        0.9432265317594154,
        0.9429615060410228
    ]
}