{
    "swg-starwars": [
        0.8842224744608399,
        0.6949152542372882,
        0.7782217782217782
    ],
    "mcu-marvel": [
        0.8764659890539483,
        0.6724655068986203,
        0.7610319076714188
    ],
    "memoryalpha-memorybeta": [
        0.9379496402877698,
        0.891167360888604,
        0.913960238786352
    ],
    "swtor-starwars": [
        0.934402332361516,
        0.8971308607417775,
        0.9153873616565512
    ],
    "stexpanded-memoryalpha": [
        0.9527421236872812,
        0.9179314221472737,
        0.9350128829086745
    ]
}