{
    "swg-starwars": [
        0.8494623655913979,
        0.7047279214986619,
        0.7703559239395417
    ],
    "mcu-marvel": [
        0.8465608465608465,
        0.671865626874625,
        0.7491638795986622
    ],
    "memoryalpha-memorybeta": [
        0.9217285856024694,
        0.8929830182633771,
        0.9071281327980905
    ],
    "swtor-starwars": [
        0.9237958303378864,
        0.8992302309307207,
        0.9113475177304964
    ],
    "stexpanded-memoryalpha": [
        0.8878656554712893,
        0.9213041034288927,
        0.9042758620689655
    ]
}