{
    "swtor-starwars": [
        0.8458755426917511,
        0.8180545836249126,
        0.831732479544646
    ],
    "stexpanded-memoryalpha": [
        0.6997767857142857,
        0.7048903878583473,
        0.7023242789134696
    ],
    "mcu-marvel": [
        0.4314199395770393,
        0.4283143371325735,
        0.42986152919927756
    ],
    "memoryalpha-memorybeta": [
        0.7505285412262156,
        0.6824735661646908,
        0.7148850478268166
    ],
    "swg-starwars": [
        0.7520891364902507,
        0.7225691347011597,
        0.7370336669699726
    ]
}