{"mcu-marvel": [0.45559105431309904, 0.4277144571085783, 0.44121287128712877], "memoryalpha-memorybeta": [0.9183472161332749, 0.8947143619861185, 0.9063767645627129], "stexpanded-memoryalpha": [0.9183558558558559, 0.9168071950534008, 0.9175808720112518], "swg-starwars": [0.8791405550581916, 0.8760035682426405, 0.8775692582663092], "swtor-starwars": [0.8914728682170543, 0.8852344296710987, 0.8883426966292135]}