{
    "stexpanded-memoryalpha": [
        0.8723747980613893,
        0.9106239460370995,
        0.8910891089108912
    ],
    "mcu-marvel": [
        0.5837462834489594,
        0.35332933413317336,
        0.4402092675635277
    ],
    "memoryalpha-memorybeta": [
        0.7971411787742314,
        0.8695930791413009,
        0.8317924094600806
    ],
    "swg-starwars": [
        0.8229357798165138,
        0.800178412132025,
        0.8113975576662145
    ]
}