{
    "swg-starwars": [
        0.9017763845350052,
        0.7698483496877788,
        0.8306063522617902
    ],
    "mcu-marvel": [
        0.8798114689709348,
        0.671865626874625,
        0.761904761904762
    ],
    "memoryalpha-memorybeta": [
        0.9377470355731226,
        0.912207625760974,
        0.9248010394672729
    ],
    "swtor-starwars": [
        0.9257950530035336,
        0.9167249825052485,
        0.9212376933895922
    ],
    "stexpanded-memoryalpha": [
        0.9168514412416852,
        0.9297358066329399,
        0.9232486742952833
    ]
}