{
    "swtor-starwars": [
        0.6780045351473923,
        0.8369489153254024,
        0.7491387409959286
    ],
    "stexpanded-memoryalpha": [
        0.2605683836589698,
        0.8246205733558178,
        0.39600485895532456
    ],
    "mcu-marvel": [
        0.1927230046948357,
        0.49250149970005996,
        0.27703728699173275
    ],
    "memoryalpha-memorybeta": [
        0.4122725692432495,
        0.7599060130300117,
        0.5345404004357461
    ],
    "swg-starwars": [
        0.41980676328502414,
        0.775200713648528,
        0.5446568473832655
    ]
}