{
    "swg-starwars": [
        0.931554524361949,
        0.7163247100802854,
        0.8098840141200201
    ],
    "mcu-marvel": [
        0.8680913780397936,
        0.7066586682663467,
        0.7791005291005291
    ],
    "memoryalpha-memorybeta": [
        0.9408703355110176,
        0.9073144687666844,
        0.9237877799521635
    ],
    "swtor-starwars": [
        0.940406976744186,
        0.9055283414975507,
        0.9226381461675579
    ],
    "stexpanded-memoryalpha": [
        0.9624060150375939,
        0.9353569421023047,
        0.9486887115165337
    ]
}