{
    "swtor-starwars": [
        0.8993197278911564,
        0.9251224632610217,
        0.9120386340117282
    ],
    "stexpanded-memoryalpha": [
        0.861858811579482,
        0.9539066891512086,
        0.9055496264674493
    ],
    "mcu-marvel": [
        0.6588709677419354,
        0.4901019796040792,
        0.5620915032679739
    ],
    "memoryalpha-memorybeta": [
        0.8973290598290599,
        0.8970415465128698,
        0.8971852801367302
    ],
    "swg-starwars": [
        0.9027911453320501,
        0.8367528991971455,
        0.8685185185185187
    ]
}