{
    "swtor-starwars": [
        0.9004771642808452,
        0.9244226731980406,
        0.912292817679558
    ],
    "stexpanded-memoryalpha": [
        0.8636132315521629,
        0.9539066891512086,
        0.9065170940170941
    ],
    "mcu-marvel": [
        0.6567411083540116,
        0.47630473905218956,
        0.5521557719054242
    ],
    "memoryalpha-memorybeta": [
        0.8986935103876633,
        0.8962939228879633,
        0.897492112721245
    ],
    "swg-starwars": [
        0.9027911453320501,
        0.8367528991971455,
        0.8685185185185187
    ]
}