{
    "swtor-starwars": [
        0.8592644978783592,
        0.8502449265220434,
        0.8547309180443194
    ],
    "stexpanded-memoryalpha": [
        0.7965601965601966,
        0.911186059584036,
        0.8500262191924489
    ],
    "mcu-marvel": [
        0.479702300405954,
        0.4253149370125975,
        0.45087440381558036
    ],
    "memoryalpha-memorybeta": [
        0.7880774662094009,
        0.8344547687706931,
        0.8106033096436167
    ],
    "swg-starwars": [
        0.8470948012232415,
        0.7413024085637824,
        0.790675547098002
    ]
}