{
    "swtor-starwars": [
        0.905971173644475,
        0.9237228831350595,
        0.9147609147609148
    ],
    "stexpanded-memoryalpha": [
        0.8733850129198967,
        0.9499718943226532,
        0.9100700053850296
    ],
    "mcu-marvel": [
        0.680168776371308,
        0.483503299340132,
        0.5652173913043478
    ],
    "memoryalpha-memorybeta": [
        0.9102157013029673,
        0.887856456264018,
        0.8988970588235295
    ],
    "swg-starwars": [
        0.9043478260869565,
        0.8349687778768956,
        0.8682745825602969
    ]
}