{
    "swtor-starwars": [
        0.9041752224503764,
        0.9244226731980406,
        0.9141868512110726
    ],
    "stexpanded-memoryalpha": [
        0.8729338842975206,
        0.9499718943226532,
        0.9098250336473755
    ],
    "mcu-marvel": [
        0.6800656275635767,
        0.4973005398920216,
        0.5744975744975744
    ],
    "memoryalpha-memorybeta": [
        0.9085845347313237,
        0.8884972765139378,
        0.8984286408553377
    ],
    "swg-starwars": [
        0.9043478260869565,
        0.8349687778768956,
        0.8682745825602969
    ]
}