{
    "swtor-starwars": [
        0.8610511159107271,
        0.8369489153254024,
        0.8488289567068843
    ],
    "stexpanded-memoryalpha": [
        0.755264655663062,
        0.7459246767847105,
        0.7505656108597285
    ],
    "mcu-marvel": [
        0.37551581843191195,
        0.3275344931013797,
        0.349887856456264
    ],
    "memoryalpha-memorybeta": [
        0.757974162570024,
        0.7081063761614868,
        0.7321921590281613
    ],
    "swg-starwars": [
        0.785646836638338,
        0.7421944692239072,
        0.7633027522935779
    ]
}