{
    "swg-starwars": [
        0.8985765124555161,
        0.9009812667261374,
        0.8997772828507796
    ],
    "mcu-marvel": [
        0.7991452991452992,
        0.785242951409718,
        0.7921331316187594
    ],
    "memoryalpha-memorybeta": [
        0.9339622641509434,
        0.9302722904431393,
        0.9321136254212807
    ],
    "swtor-starwars": [
        0.9321678321678322,
        0.9328201539538139,
        0.9324938789786639
    ],
    "stexpanded-memoryalpha": [
        0.9482855536818438,
        0.9482855536818438,
        0.9482855536818438
    ]
}