{
    "swg-starwars": [
        0.9009216589861752,
        0.6975914362176628,
        0.7863247863247864
    ],
    "mcu-marvel": [
        0.8241525423728814,
        0.7000599880023995,
        0.7570548167369446
    ],
    "memoryalpha-memorybeta": [
        0.9208836652519317,
        0.9035771489588895,
        0.912148323811577
    ],
    "swtor-starwars": [
        0.9342010122921186,
        0.9041287613715885,
        0.9189189189189189
    ],
    "stexpanded-memoryalpha": [
        0.9381033503691084,
        0.9286115795390669,
        0.9333333333333333
    ]
}