{
    "swg-starwars": [
        0.7463002114164905,
        0.31489741302408564,
        0.44291091593475534
    ],
    "mcu-marvel": [
        0.8082191780821918,
        0.247750449910018,
        0.379247015610652
    ],
    "memoryalpha-memorybeta": [
        0.8664198234121333,
        0.324895866709388,
        0.47258039459375484
    ],
    "swtor-starwars": [
        0.902668759811617,
        0.40237928621413577,
        0.5566311713455954
    ],
    "stexpanded-memoryalpha": [
        0.7471839799749687,
        0.33558178752107926,
        0.4631497284716835
    ]
}