{
    "swtor-starwars": [
        0.6906141367323291,
        0.834149755073478,
        0.7556259904912838
    ],
    "stexpanded-memoryalpha": [
        0.25917138163898523,
        0.7982012366498032,
        0.3912923670432626
    ],
    "mcu-marvel": [
        0.1851763012712881,
        0.4631073785242951,
        0.26456477039067855
    ],
    "memoryalpha-memorybeta": [
        0.3429033562474727,
        0.7245540959094308,
        0.46550245308265
    ],
    "swg-starwars": [
        0.42969906265416874,
        0.7769848349687779,
        0.5533672172808132
    ]
}