{
    "swg-starwars": [
        0.9205741626794258,
        0.8581623550401427,
        0.8882733148661127
    ],
    "mcu-marvel": [
        0.8261964735516373,
        0.7870425914817036,
        0.8061443932411674
    ],
    "memoryalpha-memorybeta": [
        0.9293057763645999,
        0.9363519863306279,
        0.9328155752965583
    ],
    "swtor-starwars": [
        0.9367088607594937,
        0.9321203638908327,
        0.9344089793055069
    ],
    "stexpanded-memoryalpha": [
        0.9483436271757439,
        0.9494097807757167,
        0.948876404494382
    ]
}