{
    "swg-starwars": [
        0.883538633818589,
        0.703835860838537,
        0.7835153922542204
    ],
    "mcu-marvel": [
        0.872954014029618,
        0.671865626874625,
        0.7593220338983052
    ],
    "memoryalpha-memorybeta": [
        0.9369177236502413,
        0.891487771013564,
        0.913638353765324
    ],
    "swtor-starwars": [
        0.9350838803792852,
        0.8971308607417775,
        0.9157142857142858
    ],
    "stexpanded-memoryalpha": [
        0.955477445811365,
        0.9168071950534008,
        0.9357429718875503
    ]
}