{
    "swtor-starwars": [
        0.6797546012269938,
        0.38768369489153254,
        0.49376114081996436
    ],
    "stexpanded-memoryalpha": [
        0.30973451327433627,
        0.11804384485666104,
        0.17094017094017094
    ],
    "mcu-marvel": [
        0.17320261437908496,
        0.03179364127174565,
        0.053725291434363914
    ],
    "memoryalpha-memorybeta": [
        0.3815873015873016,
        0.19254592054677488,
        0.2559443537511534
    ],
    "swg-starwars": [
        0.47191011235955055,
        0.11239964317573595,
        0.18155619596541786
    ]
}