{
    "swtor-starwars": [
        0.9405487804878049,
        0.8635409377186843,
        0.900401313389274
    ],
    "stexpanded-memoryalpha": [
        0.9081445192896509,
        0.8336143901068016,
        0.869284876905041
    ],
    "mcu-marvel": [
        0.665,
        0.39892021595680865,
        0.4986876640419948
    ],
    "memoryalpha-memorybeta": [
        0.9326370757180157,
        0.7630033109046246,
        0.8393350173294954
    ],
    "swg-starwars": [
        0.917016806722689,
        0.7787689562890276,
        0.842257597684515
    ]
}