{
    "swg-starwars": [
        0.9157175398633257,
        0.3586083853702052,
        0.5153846153846153
    ],
    "mcu-marvel": [
        0.44106463878326996,
        0.13917216556688664,
        0.2115823073415413
    ],
    "memoryalpha-memorybeta": [
        0.9608648056923919,
        0.37498664957812666,
        0.5394484136129677
    ],
    "swtor-starwars": [
        0.9477020602218701,
        0.4184744576627012,
        0.5805825242718446
    ],
    "stexpanded-memoryalpha": [
        0.9577874818049491,
        0.3698707138842046,
        0.5336577453365774
    ]
}