{
    "swtor-starwars": [
        0.8459869848156182,
        0.8187543736878936,
        0.8321479374110953
    ],
    "stexpanded-memoryalpha": [
        0.7237136465324385,
        0.7273749297358066,
        0.7255396691897955
    ],
    "mcu-marvel": [
        0.45714285714285713,
        0.4511097780443911,
        0.45410628019323673
    ],
    "memoryalpha-memorybeta": [
        0.7675959780621572,
        0.7175050731603119,
        0.7417057686999723
    ],
    "swg-starwars": [
        0.7549295774647887,
        0.7172167707404103,
        0.7355901189387007
    ]
}