{
    "swtor-starwars": [
        0.9032258064516129,
        0.8425472358292512,
        0.8718320057929037
    ],
    "stexpanded-memoryalpha": [
        0.9515839808726838,
        0.894884766722878,
        0.9223638470451913
    ],
    "mcu-marvel": [
        0.5227272727272727,
        0.41391721655668867,
        0.4620020087043857
    ],
    "memoryalpha-memorybeta": [
        0.9583384843614785,
        0.8279397628965075,
        0.8883795553518222
    ],
    "swg-starwars": [
        0.9407744874715261,
        0.7368421052631579,
        0.8264132066033016
    ]
}