{
    "swg-starwars": [
        0.8914285714285715,
        0.695807314897413,
        0.781563126252505
    ],
    "mcu-marvel": [
        0.878740157480315,
        0.6694661067786443,
        0.759959141981614
    ],
    "memoryalpha-memorybeta": [
        0.9393291310220622,
        0.8912741642635907,
        0.9146709048062696
    ],
    "swtor-starwars": [
        0.9350838803792852,
        0.8971308607417775,
        0.9157142857142858
    ],
    "stexpanded-memoryalpha": [
        0.9544658493870403,
        0.9190556492411467,
        0.9364261168384879
    ]
}