{
    "swtor-starwars": [
        0.6079664570230608,
        0.4058782365290413,
        0.4867813680234998
    ],
    "stexpanded-memoryalpha": [
        0.2041932543299909,
        0.1259134345137718,
        0.15577190542420027
    ],
    "mcu-marvel": [
        0.11853448275862069,
        0.032993401319736056,
        0.05161895823557015
    ],
    "memoryalpha-memorybeta": [
        0.2551369863013699,
        0.20683395621996797,
        0.22846022291678952
    ],
    "swg-starwars": [
        0.40119760479041916,
        0.11953612845673506,
        0.18419243986254297
    ]
}