{
    "swtor-starwars": [
        0.8591644204851752,
        0.8922323303009098,
        0.8753861997940268
    ],
    "stexpanded-memoryalpha": [
        0.6283255086071987,
        0.9027543563799888,
        0.7409457900807382
    ],
    "mcu-marvel": [
        0.6595547309833024,
        0.42651469706058787,
        0.5180327868852459
    ],
    "memoryalpha-memorybeta": [
        0.8853121033806393,
        0.8195022962725622,
        0.8511369938990572
    ],
    "swg-starwars": [
        0.7385398981324278,
        0.776092774308653,
        0.7568508046976947
    ]
}