{
    "swg-starwars": [
        0.7990970654627539,
        0.3157894736842105,
        0.45268542199488493
    ],
    "mcu-marvel": [
        0.34285714285714286,
        0.10077984403119376,
        0.15577190542420027
    ],
    "memoryalpha-memorybeta": [
        0.8742105263157894,
        0.3548008117056499,
        0.5047481577148067
    ],
    "swtor-starwars": [
        0.9118065433854907,
        0.44856543037088875,
        0.6013133208255159
    ],
    "stexpanded-memoryalpha": [
        0.8881829733163914,
        0.39291736930860033,
        0.5448168355416991
    ]
}