{
    "swg-starwars": [
        0.895152198421646,
        0.7082961641391614,
        0.790836653386454
    ],
    "mcu-marvel": [
        0.8064748201438849,
        0.6724655068986203,
        0.7333987569512593
    ],
    "memoryalpha-memorybeta": [
        0.9133463966906161,
        0.89608031613799,
        0.9046309774111811
    ],
    "swtor-starwars": [
        0.9395043731778425,
        0.9020293911826452,
        0.9203855765797928
    ],
    "stexpanded-memoryalpha": [
        0.930648769574944,
        0.9353569421023047,
        0.9329969161760583
    ]
}